CREATE TABLE `categories` (
                              `id` bigint UNSIGNED NOT NULL,
                              `name` varchar(255) CHARACTER SET utf8mb4 COLLATE utf8mb4_unicode_ci NOT NULL
) ENGINE=InnoDB DEFAULT CHARSET=utf8mb4 COLLATE=utf8mb4_unicode_ci;

ALTER TABLE `categories`
    ADD PRIMARY KEY (`id`);

ALTER TABLE `categories`
    MODIFY `id` bigint UNSIGNED NOT NULL AUTO_INCREMENT, AUTO_INCREMENT=1;

INSERT INTO `categories` (`id`, `name`) VALUES
                                            (1, 'vivamus'),
                                            (2, 'in'),
                                            (3, 'aqua'),
                                            (4, 'para'),
                                            (5, 'pas');

CREATE TABLE `posts` (
                         `id` bigint UNSIGNED NOT NULL,
                         `created_at` timestamp NULL DEFAULT NULL,
                         `title` varchar(255) CHARACTER SET utf8mb4 COLLATE utf8mb4_unicode_ci NOT NULL,
                         `content` text CHARACTER SET utf8mb4 COLLATE utf8mb4_unicode_ci NOT NULL
) ENGINE=InnoDB DEFAULT CHARSET=utf8mb4 COLLATE=utf8mb4_unicode_ci;


INSERT INTO `posts` (`id`, `created_at`, `title`, `content`) VALUES
                                                                 (1, '2016-02-17 15:35:02', 'Fusce lobortis congue lectus vel rutrum', 'Lorem ipsum dolor sit amet, consectetur adipiscing elit. Morbi molestie mauris at leo dapibus pretium. Aliquam auctor imperdiet accumsan. Suspendisse potenti. Maecenas eu sapien aliquam nisi dignissim laoreet in ut massa. Aliquam nec arcu et sem imperdiet vehicula. Nam eget odio massa. Praesent ante sapien, malesuada sit amet semper non, volutpat a eros. Aliquam non hendrerit ipsum. Nunc vel urna lacus.\r\n\r\nVestibulum ante ipsum primis in faucibus orci luctus et ultrices posuere cubilia curae; Fusce lobortis congue lectus vel rutrum. Pellentesque habitant morbi tristique senectus et netus et malesuada fames ac turpis egestas. Quisque velit nisi, vestibulum sodales mauris quis, tempor faucibus diam. Nunc ac laoreet sem, et sagittis neque. Pellentesque habitant morbi tristique senectus et netus et malesuada fames ac turpis egestas. Morbi lectus neque, fringilla et consectetur ac, porta molestie tellus. Curabitur imperdiet mi vel euismod dignissim. Nunc laoreet gravida metus, ac consequat tortor tincidunt id.'),
                                                                 (2, '2017-02-12 15:35:02', 'Pellentesque habitant morbi tristique senectus et netus et malesuada fames ac turpis egestas', 'Lorem ipsum dolor sit amet, consectetur adipiscing elit. Morbi molestie mauris at leo dapibus pretium. Aliquam auctor imperdiet accumsan. Suspendisse potenti. Maecenas eu sapien aliquam nisi dignissim laoreet in ut massa. Aliquam nec arcu et sem imperdiet vehicula. Nam eget odio massa. Praesent ante sapien, malesuada sit amet semper non, volutpat a eros. Aliquam non hendrerit ipsum. Nunc vel urna lacus.\r\n\r\nVestibulum ante ipsum primis in faucibus orci luctus et ultrices posuere cubilia curae; Fusce lobortis congue lectus vel rutrum. Pellentesque habitant morbi tristique senectus et netus et malesuada fames ac turpis egestas. Quisque velit nisi, vestibulum sodales mauris quis, tempor faucibus diam. Nunc ac laoreet sem, et sagittis neque. Pellentesque habitant morbi tristique senectus et netus et malesuada fames ac turpis egestas. Morbi lectus neque, fringilla et consectetur ac, porta molestie tellus. Curabitur imperdiet mi vel euismod dignissim. Nunc laoreet gravida metus, ac consequat tortor tincidunt id.'),
                                                                 (3, '2023-11-22 15:35:02', 'Donec lobortis mauris a tortor porttitor', 'Donec lobortis mauris a tortor porttitor, at tempor mi laoreet. Quisque in ipsum a turpis consectetur tristique a sit amet neque. Morbi maximus a elit feugiat tristique. Sed porttitor, lectus eget pellentesque rutrum, ipsum est hendrerit ipsum, eget fringilla lectus diam non elit. Vivamus sit amet lorem convallis, luctus augue a, imperdiet mauris. Cras nec metus vitae mi dapibus dictum. Nunc massa risus, pulvinar eu nunc ac, commodo tempor purus. Donec id mauris at orci volutpat lobortis. Pellentesque habitant morbi tristique senectus et netus et malesuada fames ac turpis egestas. Duis mi nisi, placerat convallis viverra vel, viverra at ex. Nam laoreet libero et quam varius, a finibus sem posuere. In molestie ullamcorper ligula, nec sodales nulla finibus ac. Quisque mattis leo in arcu egestas venenatis. Nam laoreet diam at rhoncus euismod. Donec at rhoncus sapien. Integer gravida diam ac tellus posuere aliquam.\r\n\r\nFusce quis tortor magna. Quisque feugiat, risus semper sollicitudin rutrum, urna erat facilisis diam, condimentum lacinia massa neque ut felis. Curabitur mattis risus id lacus blandit, interdum tincidunt massa tincidunt. Quisque vulputate elit sit amet finibus sollicitudin. Vestibulum a quam aliquam, auctor velit vitae, tristique mauris. Nunc scelerisque dignissim congue. Praesent dapibus elit at augue placerat, quis scelerisque neque pharetra. Aenean egestas ex laoreet tempus tristique. Proin ultrices cursus massa in molestie. Nullam consequat ultricies ipsum nec rutrum. Aenean iaculis turpis non facilisis gravida. Aenean sed sapien eget diam rhoncus venenatis ut ac ex. Etiam tincidunt consectetur tempor. Vivamus in augue tristique, ultrices neque sed, sagittis leo.'),
                                                                 (4, '2024-02-16 12:02:55', 'Fusce quis tortor magna', 'Donec lobortis mauris a tortor porttitor, at tempor mi laoreet. Quisque in ipsum a turpis consectetur tristique a sit amet neque. Morbi maximus a elit feugiat tristique. Sed porttitor, lectus eget pellentesque rutrum, ipsum est hendrerit ipsum, eget fringilla lectus diam non elit. Vivamus sit amet lorem convallis, luctus augue a, imperdiet mauris. Cras nec metus vitae mi dapibus dictum. Nunc massa risus, pulvinar eu nunc ac, commodo tempor purus. Donec id mauris at orci volutpat lobortis. Pellentesque habitant morbi tristique senectus et netus et malesuada fames ac turpis egestas. Duis mi nisi, placerat convallis viverra vel, viverra at ex. Nam laoreet libero et quam varius, a finibus sem posuere. In molestie ullamcorper ligula, nec sodales nulla finibus ac. Quisque mattis leo in arcu egestas venenatis. Nam laoreet diam at rhoncus euismod. Donec at rhoncus sapien. Integer gravida diam ac tellus posuere aliquam.'),
                                                                 (5, '2024-02-16 12:02:51', 'Tortor magna', 'Donec lobortis mauris a tortor porttitor, at tempor mi laoreet. Quisque in ipsum a turpis consectetur tristique a sit amet neque. Morbi maximus a elit feugiat tristique. Sed porttitor, lectus eget pellentesque rutrum, ipsum est hendrerit ipsum, eget fringilla lectus diam non elit. Vivamus sit amet lorem convallis, luctus augue a, imperdiet mauris. Cras nec metus vitae mi dapibus dictum. Nunc massa risus, pulvinar eu nunc ac, commodo tempor purus. Donec id mauris at orci volutpat lobortis. Pellentesque habitant morbi tristique senectus et netus et malesuada fames ac turpis egestas. Duis mi nisi, placerat convallis viverra vel, viverra at ex. Nam laoreet libero et quam varius, a finibus sem posuere. In molestie ullamcorper ligula, nec sodales nulla finibus ac. Quisque mattis leo in arcu egestas venenatis. Nam laoreet diam at rhoncus euismod. Donec at rhoncus sapien. Integer gravida diam ac tellus posuere aliquam.'),
                                                                 (6, '2024-02-16 12:02:45', 'Quis tortor magna', 'Donec lobortis mauris a tortor porttitor, at tempor mi laoreet. Quisque in ipsum a turpis consectetur tristique a sit amet neque. Morbi maximus a elit feugiat tristique. Sed porttitor, lectus eget pellentesque rutrum, ipsum est hendrerit ipsum, eget fringilla lectus diam non elit. Vivamus sit amet lorem convallis, luctus augue a, imperdiet mauris. Cras nec metus vitae mi dapibus dictum. Nunc massa risus, pulvinar eu nunc ac, commodo tempor purus. Donec id mauris at orci volutpat lobortis. Pellentesque habitant morbi tristique senectus et netus et malesuada fames ac turpis egestas. Duis mi nisi, placerat convallis viverra vel, viverra at ex. Nam laoreet libero et quam varius, a finibus sem posuere. In molestie ullamcorper ligula, nec sodales nulla finibus ac. Quisque mattis leo in arcu egestas venenatis. Nam laoreet diam at rhoncus euismod. Donec at rhoncus sapien. Integer gravida diam ac tellus posuere aliquam.'),
                                                                 (7, '2024-02-16 12:02:10', 'Nunc scelerisque dignissim congue', 'Donec lobortis mauris a tortor porttitor, at tempor mi laoreet. Quisque in ipsum a turpis consectetur tristique a sit amet neque. Morbi maximus a elit feugiat tristique. Sed porttitor, lectus eget pellentesque rutrum, ipsum est hendrerit ipsum, eget fringilla lectus diam non elit. Vivamus sit amet lorem convallis, luctus augue a, imperdiet mauris. Cras nec metus vitae mi dapibus dictum. Nunc massa risus, pulvinar eu nunc ac, commodo tempor purus. Donec id mauris at orci volutpat lobortis. Pellentesque habitant morbi tristique senectus et netus et malesuada fames ac turpis egestas. Duis mi nisi, placerat convallis viverra vel, viverra at ex. Nam laoreet libero et quam varius, a finibus sem posuere. In molestie ullamcorper ligula, nec sodales nulla finibus ac. Quisque mattis leo in arcu egestas venenatis. Nam laoreet diam at rhoncus euismod. Donec at rhoncus sapien. Integer gravida diam ac tellus posuere aliquam.\r\n\r\nFusce quis tortor magna. Quisque feugiat, risus semper sollicitudin rutrum, urna erat facilisis diam, condimentum lacinia massa neque ut felis. Curabitur mattis risus id lacus blandit, interdum tincidunt massa tincidunt. Quisque vulputate elit sit amet finibus sollicitudin. Vestibulum a quam aliquam, auctor velit vitae, tristique mauris. Nunc scelerisque dignissim congue. Praesent dapibus elit at augue placerat, quis scelerisque neque pharetra. Aenean egestas ex laoreet tempus tristique. Proin ultrices cursus massa in molestie. Nullam consequat ultricies ipsum nec rutrum. Aenean iaculis turpis non facilisis gravida. Aenean sed sapien eget diam rhoncus venenatis ut ac ex. Etiam tincidunt consectetur tempor. Vivamus in augue tristique, ultrices neque sed, sagittis leo.'),
                                                                 (8, '2024-02-16 12:02:22', ' Quisque vulputate elit sit amet finibus sollicitudin. Vestibulum a quam aliquam', 'Donec lobortis mauris a tortor porttitor, at tempor mi laoreet. Quisque in ipsum a turpis consectetur tristique a sit amet neque. Morbi maximus a elit feugiat tristique. Sed porttitor, lectus eget pellentesque rutrum, ipsum est hendrerit ipsum, eget fringilla lectus diam non elit. Vivamus sit amet lorem convallis, luctus augue a, imperdiet mauris. Cras nec metus vitae mi dapibus dictum. Nunc massa risus, pulvinar eu nunc ac, commodo tempor purus. Donec id mauris at orci volutpat lobortis. Pellentesque habitant morbi tristique senectus et netus et malesuada fames ac turpis egestas. Duis mi nisi, placerat convallis viverra vel, viverra at ex. Nam laoreet libero et quam varius, a finibus sem posuere. In molestie ullamcorper ligula, nec sodales nulla finibus ac. Quisque mattis leo in arcu egestas venenatis. Nam laoreet diam at rhoncus euismod. Donec at rhoncus sapien. Integer gravida diam ac tellus posuere aliquam.\r\n\r\nFusce quis tortor magna. Quisque feugiat, risus semper sollicitudin rutrum, urna erat facilisis diam, condimentum lacinia massa neque ut felis. Curabitur mattis risus id lacus blandit, interdum tincidunt massa tincidunt. Quisque vulputate elit sit amet finibus sollicitudin. Vestibulum a quam aliquam, auctor velit vitae, tristique mauris. Nunc scelerisque dignissim congue. Praesent dapibus elit at augue placerat, quis scelerisque neque pharetra. Aenean egestas ex laoreet tempus tristique. Proin ultrices cursus massa in molestie. Nullam consequat ultricies ipsum nec rutrum. Aenean iaculis turpis non facilisis gravida. Aenean sed sapien eget diam rhoncus venenatis ut ac ex. Etiam tincidunt consectetur tempor. Vivamus in augue tristique, ultrices neque sed, sagittis leo.'),
                                                                 (9, '2024-02-16 12:02:35', 'Aenean sed sapien eget diam rhoncus venenatis ut ac ex. Etiam tincidunt consectetur tempor', 'Donec lobortis mauris a tortor porttitor, at tempor mi laoreet. Quisque in ipsum a turpis consectetur tristique a sit amet neque. Morbi maximus a elit feugiat tristique. Sed porttitor, lectus eget pellentesque rutrum, ipsum est hendrerit ipsum, eget fringilla lectus diam non elit. Vivamus sit amet lorem convallis, luctus augue a, imperdiet mauris. Cras nec metus vitae mi dapibus dictum. Nunc massa risus, pulvinar eu nunc ac, commodo tempor purus. Donec id mauris at orci volutpat lobortis. Pellentesque habitant morbi tristique senectus et netus et malesuada fames ac turpis egestas. Duis mi nisi, placerat convallis viverra vel, viverra at ex. Nam laoreet libero et quam varius, a finibus sem posuere. In molestie ullamcorper ligula, nec sodales nulla finibus ac. Quisque mattis leo in arcu egestas venenatis. Nam laoreet diam at rhoncus euismod. Donec at rhoncus sapien. Integer gravida diam ac tellus posuere aliquam.\r\n\r\nFusce quis tortor magna. Quisque feugiat, risus semper sollicitudin rutrum, urna erat facilisis diam, condimentum lacinia massa neque ut felis. Curabitur mattis risus id lacus blandit, interdum tincidunt massa tincidunt. Quisque vulputate elit sit amet finibus sollicitudin. Vestibulum a quam aliquam, auctor velit vitae, tristique mauris. Nunc scelerisque dignissim congue. Praesent dapibus elit at augue placerat, quis scelerisque neque pharetra. Aenean egestas ex laoreet tempus tristique. Proin ultrices cursus massa in molestie. Nullam consequat ultricies ipsum nec rutrum. Aenean iaculis turpis non facilisis gravida. Aenean sed sapien eget diam rhoncus venenatis ut ac ex. Etiam tincidunt consectetur tempor. Vivamus in augue tristique, ultrices neque sed, sagittis leo.');

ALTER TABLE `posts`
    ADD PRIMARY KEY (`id`);

ALTER TABLE `posts`
    MODIFY `id` bigint UNSIGNED NOT NULL AUTO_INCREMENT, AUTO_INCREMENT=1;
COMMIT;

CREATE TABLE `category_post` (
                                 `id` bigint UNSIGNED NOT NULL,
                                 `post_id` bigint NOT NULL,
                                 `category_id` bigint NOT NULL
) ENGINE=InnoDB DEFAULT CHARSET=utf8mb4 COLLATE=utf8mb4_unicode_ci;

INSERT INTO `category_post` (`id`, `post_id`, `category_id`) VALUES
                                                                 (1, 1, 1),
                                                                 (2, 2, 1),
                                                                 (3, 3, 1),
                                                                 (5, 7, 2),
                                                                 (6, 8, 2),
                                                                 (7, 5, 1),
                                                                 (8, 6, 3),
                                                                 (9, 6, 4),
                                                                 (11, 1, 5),
                                                                 (12, 2, 5),
                                                                 (13, 3, 5),
                                                                 (14, 8, 5);



ALTER TABLE `category_post`
    ADD PRIMARY KEY (`id`);

ALTER TABLE `category_post`
    MODIFY `id` bigint UNSIGNED NOT NULL AUTO_INCREMENT, AUTO_INCREMENT=1;

